Workbook

Sheet Quadro
B4: População empregada: total e por setor de atividade económica
B5: Quantas pessoas trabalham na agricultura, indústria, comércio ou outros serviços?
B6: Indivíduo - Milhares
A7: Anos | B7: Setores de atividade económica
B8: Total | C8: Agricultura, produção animal, caça, silvicultura e pesca | D8: Indústrias extrativas | E8: Indústrias transformadoras | F8: Eletricidade, gás e água | G8: Construção | H8: Comércio por grosso e a retalho (...) | I8: Transporte e armazenagem | J8: Alojamento, restauração e similares | K8: Atividades financeiras e de seguros | L8: Atividades imobiliárias | M8: Educação | N8: Atividades de saúde humana e apoio social | O8: Outros setores
A9: 2008 | B9: 5116.6 | C9: 585.3 | D9: 17.3 | E9: 869.7 | F9: 56.8 | G9: 539.6 | H9: 750 | I9: 175 | J9: 317.5 | K9: 95 | L9: 26.7 | M9: 341.8 | N9: 300.9 | O9: 1041
A10: 2009 | B10: 4968.6 | C10: 568.8 | D10: 17.4 | E10: 825 | F10: 49.3 | G10: 489.7 | H10: 744.7 | I10: 175.5 | J10: 291.7 | K10: 86.9 | L10: 33.3 | M10: 355.7 | N10: 320 | O10: 1010.6
A11: 2010 | B11: 4898.4 | C11: 548.5 | D11: 19.2 | E11: 801.7 | F11: 47.3 | G11: 466.8 | H11: 719 | I11: 174 | J11: 287 | K11: 86.6 | L11: 27.6 | M11: 366.1 | N11: 347.4 | O11: 1007.2
A12: 2011 | B12: 4422.5 | C12: 173.9 | D12: 18.3 | E12: 780 | F12: 48.6 | G12: 424 | H12: 693.2 | I12: 167.8 | J12: 286.3 | K12: 103.8 | L12: 24.8 | M12: 363 | N12: 360.8 | O12: 978
A13: 2012 | B13: 4217.5 | C13: 170.1 | D13: 13.5 | E13: 738.2 | F13: 46.3 | G13: 342.2 | H13: 659.8 | I13: 166 | J13: 275.6 | K13: 96.9 | L13: 23.4 | M13: 368.9 | N13: 369.4 | O13: 947.2
A14: 2013 | B14: 4139.5 | C14: 170.1 | D14: 13.1 | E14: 704 | F14: 42.8 | G14: 286.5 | H14: 641.5 | I14: 178.1 | J14: 290.9 | K14: 87.3 | L14: 27.5 | M14: 354.7 | N14: 367.3 | O14: 975.7
A15: 2014 | B15: 4266.8 | C15: 156 | D15: 12.2 | E15: 736.6 | F15: 46.6 | G15: 274.7 | H15: 668.2 | I15: 174.9 | J15: 280.1 | K15: 101.3 | L15: 29.9 | M15: 357.3 | N15: 378.2 | O15: 1050.8
A16: 2015 | B16: 4353.4 | C16: 142.8 | D16: 12.3 | E16: 766.5 | F16: 48.1 | G16: 277.6 | H16: 701.2 | I16: 173 | J16: 260.2 | K16: 109.1 | L16: 28 | M16: 380.7 | N16: 403.7 | O16: 1050.2
A17: 2016 | B17: 4439 | C17: 143.4 | D17: 11.8 | E17: 772 | F17: 49.4 | G17: 290.1 | H17: 702.7 | I17: 191 | J17: 281 | K17: 113.6 | L17: 33.2 | M17: 381.2 | N17: 424.3 | O17: 1045.3
A18: 2017 | B18: 4601.2 | C18: 139.9 | D18: 12.1 | E18: 801.1 | F18: 52.8 | G18: 307.8 | H18: 708 | I18: 206.3 | J18: 324.6 | K18: 108.4 | L18: 43.4 | M18: 393.4 | N18: 438.1 | O18: 1065.3
A19: 2018 | B19: 4731.5 | C19: 145.8 | D19: 14.1 | E19: 832 | F19: 53.2 | G19: 305 | H19: 703.8 | I19: 209.9 | J19: 330.7 | K19: 114.4 | L19: 48.5 | M19: 424.2 | N19: 446.9 | O19: 1103
A20: 2019 | B20: 4789.9 | C20: 133.8 | D20: 12.8 | E20: 831 | F20: 57.4 | G20: 305.2 | H20: 707.8 | I20: 220.3 | J20: 323.6 | K20: 101.5 | L20: 52.3 | M20: 418.2 | N20: 472.6 | O20: 1153.4
... A26: 2025 | B26: 5275.3 | C26: 129 | D26: 15.5 | E26: 838 | F26: 60.4 | G26: 372.6 | H26: 769.4 | I26: 247.7 | J26: 340.8 | K26: 110.4 | L26: 56.8 | M26: 422 | N26: 534.3 | O26: 1378.4
A29: População empregada: total e por setor de atividade económica
A30: Fontes de Dados: INE - Inquérito ao Emprego
A31: Fonte: PORDATA
A32: Última actualização: 2026-02-09
A36: Simbologia
A37: ┴ | B37: Quebra de série | C37: Pro | D37: Valor provisório | E37: Pre | F37: Valor preliminar
A38: ... | B38: Confidencial | C38: x | D38: Valor não disponível | E38: e | F38: Dado inferior a metade do módulo da unidade utilizada
A39: // | B39: Não aplicável | C39: f | D39: Valor previsto | E39: § | F39: Dado com coeficiente de variação elevado
A40: - | B40: Ausência de valor | C40: Rv | D40: Valor revisto | E40: (R) | F40: Dados rectificados pela entidade responsável
A41: N | B41: Valor negligenciável | C41: s | D41: Valor estimado | E41: u | F41: Valor incerto ou não confiável
A42: fr | B42: Dado de fiabilidade reduzida
A47: Dados obtidos em https:www.pordata.pt a 29-04-2026

Sheet CleanData 
A1: Ano | B1: Setor | C1: Empregados
A2: 2008 | B2: Agricultura, produção animal, caça, silvicultura e pesca | C2: 585.3
A3: 2009 | B3: Agricultura, produção animal, caça, silvicultura e pesca | C3: 568.8
A4: 2010 | B4: Agricultura, produção animal, caça, silvicultura e pesca | C4: 548.5
A5: 2011 | B5: Agricultura, produção animal, caça, silvicultura e pesca | C5: 173.9
A6: 2012 | B6: Agricultura, produção animal, caça, silvicultura e pesca | C6: 170.1
A7: 2013 | B7: Agricultura, produção animal, caça, silvicultura e pesca | C7: 170.1
A8: 2014 | B8: Agricultura, produção animal, caça, silvicultura e pesca | C8: 156
A9: 2015 | B9: Agricultura, produção animal, caça, silvicultura e pesca | C9: 142.8
A10: 2016 | B10: Agricultura, produção animal, caça, silvicultura e pesca | C10: 143.4
A11: 2017 | B11: Agricultura, produção animal, caça, silvicultura e pesca | C11: 139.9
A12: 2018 | B12: Agricultura, produção animal, caça, silvicultura e pesca | C12: 145.8
A13: 2019 | B13: Agricultura, produção animal, caça, silvicultura e pesca | C13: 133.8
... A235: 2025 | B235: Outros setores | C235: 1378.4

Sheet DataPrep
A1: Setor de Atividade(Filtro) | D1: Emprego Por Setor | I1: Crescimento Ano a Ano
A2: Setor de Atividade | B2: Selecionado | D2: Setor | E2: Empregos | I2: Ano | J2: Crescimento%
A3: Agricultura, produção animal, caça, silvicultura e pesca | B3: Comércio por grosso e a retalho (...) | D3: Agricultura, produção animal, caça, silvicultura e pesca | E3: =SUMIFS('CleanData '!C2:C235,'CleanData '!B2:B235,DataPrep!D3) -> 3908.1 | I3: 2008 | J3: 0
A4: Indústrias extrativas | D4: Indústrias extrativas | E4: =SUMIFS('CleanData '!C3:C236,'CleanData '!B3:B236,DataPrep!D4) -> 257 | I4: 2009 | J4: =(E21-E20)/E21 -> -0.029787063
A5: Indústrias transformadoras | D5: Indústrias transformadoras | E5: =SUMIFS('CleanData '!C4:C237,'CleanData '!B4:B237,DataPrep!D5) -> 14439.5 | I5: 2010 | J5: =(E22-E21)/E22 -> -0.01433121
A6: Eletricidade, gás e água | D6: Eletricidade, gás e água | E6: =SUMIFS('CleanData '!C5:C238,'CleanData '!B5:B238,DataPrep!D6) -> 951 | I6: 2011 | J6: =(E23-E22)/E23 -> -0.10760882
A7: Construção | D7: Construção | E7: =SUMIFS('CleanData '!C6:C239,'CleanData '!B6:B239,DataPrep!D7) -> 6338 | I7: 2012 | J7: =(E24-E23)/E24 -> -0.048606995
A8: Comércio por grosso e a retalho (...) | D8: Comércio por grosso e a retalho (...) | E8: =SUMIFS('CleanData '!C7:C240,'CleanData '!B7:B240,DataPrep!D8) -> 12772.7 | I8: 2013 | J8: =(E25-E24)/E25 -> -0.018842855
A9: Transporte e armazenagem | D9: Transporte e armazenagem | E9: =SUMIFS('CleanData '!C8:C241,'CleanData '!B8:B241,DataPrep!D9) -> 3586.3 | I9: 2014 | J9: =(E26-E25)/E26 -> 0.029835005
A10: Alojamento, restauração e similares | D10: Alojamento, restauração e similares | E10: =SUMIFS('CleanData '!C9:C242,'CleanData '!B9:B242,DataPrep!D10) -> 5393.6 | I10: 2015 | J10: =(E27-E26)/E27 -> 0.019892498
A11: Atividades financeiras e de seguros | D11: Atividades financeiras e de seguros | E11: =SUMIFS('CleanData '!C10:C243,'CleanData '!B10:B243,DataPrep!D11) -> 1853.3 | I11: 2016 | J11: =(E28-E27)/E28 -> 0.019283622
A12: Atividades imobiliárias | D12: Atividades imobiliárias | E12: =SUMIFS('CleanData '!C11:C244,'CleanData '!B11:B244,DataPrep!D12) -> 704.2 | I12: 2017 | J12: =(E29-E28)/E29 -> 0.035251673
A13: Educação | D13: Educação | E13: =SUMIFS('CleanData '!C12:C245,'CleanData '!B12:B245,DataPrep!D13) -> 7017.1 | I13: 2018 | J13: =(E30-E29)/E30 -> 0.027538835
A14: Atividades de saúde humana e apoio social | D14: Atividades de saúde humana e apoio social | E14: =SUMIFS('CleanData '!C13:C246,'CleanData '!B13:B246,DataPrep!D14) -> 7626.6 | I14: 2019 | J14: =(E31-E30)/E31 -> 0.012192321
A15: Outros setores | D15: Outros setores | E15: =SUMIFS('CleanData '!C14:C247,'CleanData '!B14:B247,DataPrep!D15) -> 19939.3 | I15: 2020 | J15: =(E32-E31)/E32 -> -0.023439169
I16: 2021 | J16: =(E33-E32)/E33 -> 0.021472329
A17: Filtro Data | I17: 2022 | J17: =(E34-E33)/E34 -> 0.03178202
A18: Ano | B18: 2013 | D18: EVOLUÇÃO AO LONGO DO TEMPO | I18: 2023 | J18: =(E35-E34)/E35 -> 0.022034368
D19: Ano | E19: Empregos | I19: 2024 | J19: =(E36-E35)/E36 -> 0.011951568
D20: 2008 | E20: =SUMIF('CleanData '!A2:A235,DataPrep!$D20,'CleanData '!C2:C235) -> 5116.6 | I20: 2025 | J20: =(E37-E36)/E37 -> 0.030898717
D21: 2009 | E21: =SUMIF('CleanData '!A3:A236,DataPrep!$D21,'CleanData '!C3:C236) -> 4968.6
D22: 2010 | E22: =SUMIF('CleanData '!A4:A237,DataPrep!$D22,'CleanData '!C4:C237) -> 4898.4
D23: 2011 | E23: =SUMIF('CleanData '!A5:A238,DataPrep!$D23,'CleanData '!C5:C238) -> 4422.5
D24: 2012 | E24: =SUMIF('CleanData '!A6:A239,DataPrep!$D24,'CleanData '!C6:C239) -> 4217.5
D25: 2013 | E25: =SUMIF('CleanData '!A7:A240,DataPrep!$D25,'CleanData '!C7:C240) -> 4139.5
D26: 2014 | E26: =SUMIF('CleanData '!A8:A241,DataPrep!$D26,'CleanData '!C8:C241) -> 4266.8
D27: 2015 | E27: =SUMIF('CleanData '!A9:A242,DataPrep!$D27,'CleanData '!C9:C242) -> 4353.4
D28: 2016 | E28: =SUMIF('CleanData '!A10:A243,DataPrep!$D28,'CleanData '!C10:C243) -> 4439
D29: 2017 | E29: =SUMIF('CleanData '!A11:A244,DataPrep!$D29,'CleanData '!C11:C244) -> 4601.2
D30: 2018 | E30: =SUMIF('CleanData '!A12:A245,DataPrep!$D30,'CleanData '!C12:C245) -> 4731.5
D31: 2019 | E31: =SUMIF('CleanData '!A13:A246,DataPrep!$D31,'CleanData '!C13:C246) -> 4789.9
D32: 2020 | E32: =SUMIF('CleanData '!A14:A247,DataPrep!$D32,'CleanData '!C14:C247) -> 4680.2
... D37: 2025 | E37: =SUMIF('CleanData '!A19:A252,DataPrep!$D37,'CleanData '!C19:C252) -> 5275.3

Sheet DashBoard
E8: =DataPrep!A15 -> Outros setores | I8: =SUM('CleanData '!C2:C235) -> 84786.7 | J8: milhões | O8: =AVERAGE(DataPrep!J3:J20) -> 0.0010842692
